iteration,AUC
0.000000000000000000e+00,7.498682613694429566e-01
1.000000000000000000e+00,6.932006898313745058e-01
