iteration,AUC
0.000000000000000000e+00,5.695536344796349182e-01
1.000000000000000000e+00,5.799770757917469544e-01
